Município;NM_MUNICIP;NM_MICRO;NM_MESO;CD_GEOCODM
Adamantina;ADAMANTINA;ADAMANTINA;PRESIDENTE PRUDENTE;3500105
Adolfo;ADOLFO;SÃO JOSÉ DO RIO PRETO;SÃO JOSÉ DO RIO PRETO;3500204
Aguaí;AGUAÍ;PIRAÇUNUNGA;CAMPINAS;3500303
Águas da Prata;ÁGUAS DA PRATA;SÃO JOÃO DA BOA VISTA;CAMPINAS;3500402
Águas de Lindóia;ÁGUAS DE LINDÓIA;AMPARO;CAMPINAS;3500501
Águas de Santa Bárbara;ÁGUAS DE SANTA BÁRBARA;AVARÉ;BAURU;3500550
Águas de São Pedro;ÁGUAS DE SÃO PEDRO;PIRACICABA;PIRACICABA;3500600
Agudos;AGUDOS;BAURU;BAURU;3500709
Alambari;ALAMBARI;ITAPETININGA;ITAPETININGA;3500758
Alfredo Marcondes;ALFREDO MARCONDES;PRESIDENTE PRUDENTE;PRESIDENTE PRUDENTE;3500808
Altair;ALTAIR;SÃO JOSÉ DO RIO PRETO;SÃO JOSÉ DO RIO PRETO;3500907
Altinópolis;ALTINÓPOLIS;BATATAIS;RIBEIRÃO PRETO;3501004
Alto Alegre;ALTO ALEGRE;BIRIGUI;ARAÇATUBA;3501103
Alumínio;ALUMÍNIO;SOROCABA;MACRO METROPOLITANA PAULISTA;3501152
Álvares Florence;ÁLVARES FLORENCE;VOTUPORANGA;SÃO JOSÉ DO RIO PRETO;3501202
Álvares Machado;ÁLVARES MACHADO;PRESIDENTE PRUDENTE;PRESIDENTE PRUDENTE;3501301
Álvaro de Carvalho;ÁLVARO DE CARVALHO;MARÍLIA;MARÍLIA;3501400
Alvinlândia;ALVINLÂNDIA;MARÍLIA;MARÍLIA;3501509
Americana;AMERICANA;CAMPINAS;CAMPINAS;3501608
Américo Brasiliense;AMÉRICO BRASILIENSE;ARARAQUARA;ARARAQUARA;3501707
Américo de Campos;AMÉRICO DE CAMPOS;VOTUPORANGA;SÃO JOSÉ DO RIO PRETO;3501806
Amparo;AMPARO;AMPARO;CAMPINAS;3501905
Analândia;ANALÂNDIA;SÃO CARLOS;ARARAQUARA;3502002
Andradina;ANDRADINA;ANDRADINA;ARAÇATUBA;3502101
Angatuba;ANGATUBA;ITAPETININGA;ITAPETININGA;3502200
Anhembi;ANHEMBI;BOTUCATU;BAURU;3502309
Anhumas;ANHUMAS;PRESIDENTE PRUDENTE;PRESIDENTE PRUDENTE;3502408
Aparecida;APARECIDA;GUARATINGUETÁ;VALE DO PARAÍBA PAULISTA;3502507
Aparecida D'Oeste;APARECIDA D'OESTE;JALES;SÃO JOSÉ DO RIO PRETO;3502606
Apiaí;APIAÍ;CAPÃO BONITO;ITAPETININGA;3502705
Araçariguama;ARAÇARIGUAMA;SOROCABA;MACRO METROPOLITANA PAULISTA;3502754
Araçatuba;ARAÇATUBA;ARAÇATUBA;ARAÇATUBA;3502804
Araçoiaba da Serra;ARAÇOIABA DA SERRA;SOROCABA;MACRO METROPOLITANA PAULISTA;3502903
Aramina;ARAMINA;ITUVERAVA;RIBEIRÃO PRETO;3503000
Arandu;ARANDU;AVARÉ;BAURU;3503109
Arapeí;ARAPEÍ;BANANAL;VALE DO PARAÍBA PAULISTA;3503158
Araraquara;ARARAQUARA;ARARAQUARA;ARARAQUARA;3503208
Araras;ARARAS;LIMEIRA;PIRACICABA;3503307
Arco-Íris;ARCO-ÍRIS;TUPÃ;MARÍLIA;3503356
Arealva;AREALVA;BAURU;BAURU;3503406
Areias;AREIAS;BANANAL;VALE DO PARAÍBA PAULISTA;3503505
Areiópolis;AREIÓPOLIS;BAURU;BAURU;3503604
Ariranha;ARIRANHA;CATANDUVA;SÃO JOSÉ DO RIO PRETO;3503703
Artur Nogueira;ARTUR NOGUEIRA;MOGI MIRIM;CAMPINAS;3503802
Arujá;ARUJÁ;GUARULHOS;METROPOLITANA DE SÃO PAULO;3503901
Aspásia;ASPÁSIA;JALES;SÃO JOSÉ DO RIO PRETO;3503950
Assis;ASSIS;ASSIS;ASSIS;3504008
Atibaia;ATIBAIA;BRAGANÇA PAULISTA;MACRO METROPOLITANA PAULISTA;3504107
Auriflama;AURIFLAMA;AURIFLAMA;SÃO JOSÉ DO RIO PRETO;3504206
Avaí;AVAÍ;BAURU;BAURU;3504305
Avanhandava;AVANHANDAVA;BIRIGUI;ARAÇATUBA;3504404
Avaré;AVARÉ;AVARÉ;BAURU;3504503
Bady Bassitt;BADY BASSITT;SÃO JOSÉ DO RIO PRETO;SÃO JOSÉ DO RIO PRETO;3504602
Balbinos;BALBINOS;BAURU;BAURU;3504701
Bálsamo;BÁLSAMO;SÃO JOSÉ DO RIO PRETO;SÃO JOSÉ DO RIO PRETO;3504800
Bananal;BANANAL;BANANAL;VALE DO PARAÍBA PAULISTA;3504909
Barão de Antonina;BARÃO DE ANTONINA;ITAPEVA;ITAPETININGA;3505005
Barbosa;BARBOSA;BIRIGUI;ARAÇATUBA;3505104
Bariri;BARIRI;JAÚ;BAURU;3505203
Barra Bonita;BARRA BONITA;JAÚ;BAURU;3505302
Barra do Chapéu;BARRA DO CHAPÉU;CAPÃO BONITO;ITAPETININGA;3505351
Barra do Turvo;BARRA DO TURVO;REGISTRO;LITORAL SUL PAULISTA;3505401
Barretos;BARRETOS;BARRETOS;RIBEIRÃO PRETO;3505500
Barrinha;BARRINHA;RIBEIRÃO PRETO;RIBEIRÃO PRETO;3505609
Barueri;BARUERI;OSASCO;METROPOLITANA DE SÃO PAULO;3505708
Bastos;BASTOS;TUPÃ;MARÍLIA;3505807
Batatais;BATATAIS;BATATAIS;RIBEIRÃO PRETO;3505906
Bauru;BAURU;BAURU;BAURU;3506003
Bebedouro;BEBEDOURO;JABOTICABAL;RIBEIRÃO PRETO;3506102
Bento de Abreu;BENTO DE ABREU;ARAÇATUBA;ARAÇATUBA;3506201
Bernardino de Campos;BERNARDINO DE CAMPOS;OURINHOS;ASSIS;3506300
Bertioga;BERTIOGA;SANTOS;METROPOLITANA DE SÃO PAULO;3506359
Bilac;BILAC;BIRIGUI;ARAÇATUBA;3506409
Birigui;BIRIGUI;BIRIGUI;ARAÇATUBA;3506508
Biritiba-Mirim;BIRITIBA-MIRIM;MOGI DAS CRUZES;METROPOLITANA DE SÃO PAULO;3506607
Boa Esperança do Sul;BOA ESPERANÇA DO SUL;ARARAQUARA;ARARAQUARA;3506706
Bocaina;BOCAINA;JAÚ;BAURU;3506805
Bofete;BOFETE;BOTUCATU;BAURU;3506904
Boituva;BOITUVA;TATUÍ;ITAPETININGA;3507001
Bom Jesus dos Perdões;BOM JESUS DOS PERDÕES;BRAGANÇA PAULISTA;MACRO METROPOLITANA PAULISTA;3507100
Bom Sucesso de Itararé;BOM SUCESSO DE ITARARÉ;ITAPEVA;ITAPETININGA;3507159
Borá;BORÁ;ASSIS;ASSIS;3507209
Boracéia;BORACÉIA;JAÚ;BAURU;3507308
Borborema;BORBOREMA;ARARAQUARA;ARARAQUARA;3507407
Borebi;BOREBI;BAURU;BAURU;3507456
Botucatu;BOTUCATU;BOTUCATU;BAURU;3507506
Bragança Paulista;BRAGANÇA PAULISTA;BRAGANÇA PAULISTA;MACRO METROPOLITANA PAULISTA;3507605
Braúna;BRAÚNA;BIRIGUI;ARAÇATUBA;3507704
Brejo Alegre;BREJO ALEGRE;BIRIGUI;ARAÇATUBA;3507753
Brodowski;BRODOWSKI;RIBEIRÃO PRETO;RIBEIRÃO PRETO;3507803
Brotas;BROTAS;RIO CLARO;PIRACICABA;3507902
Buri;BURI;ITAPEVA;ITAPETININGA;3508009
Buritama;BURITAMA;BIRIGUI;ARAÇATUBA;3508108
Buritizal;BURITIZAL;ITUVERAVA;RIBEIRÃO PRETO;3508207
Cabrália Paulista;CABRÁLIA PAULISTA;BAURU;BAURU;3508306
Cabreúva;CABREÚVA;SOROCABA;MACRO METROPOLITANA PAULISTA;3508405
Caçapava;CAÇAPAVA;SÃO JOSÉ DOS CAMPOS;VALE DO PARAÍBA PAULISTA;3508504
Cachoeira Paulista;CACHOEIRA PAULISTA;GUARATINGUETÁ;VALE DO PARAÍBA PAULISTA;3508603
Caconde;CACONDE;SÃO JOÃO DA BOA VISTA;CAMPINAS;3508702
Cafelândia;CAFELÂNDIA;LINS;BAURU;3508801
Caiabu;CAIABU;PRESIDENTE PRUDENTE;PRESIDENTE PRUDENTE;3508900
Caieiras;CAIEIRAS;FRANCO DA ROCHA;METROPOLITANA DE SÃO PAULO;3509007
Caiuá;CAIUÁ;PRESIDENTE PRUDENTE;PRESIDENTE PRUDENTE;3509106
Cajamar;CAJAMAR;OSASCO;METROPOLITANA DE SÃO PAULO;3509205
Cajati;CAJATI;REGISTRO;LITORAL SUL PAULISTA;3509254
Cajobi;CAJOBI;CATANDUVA;SÃO JOSÉ DO RIO PRETO;3509304
Cajuru;CAJURU;BATATAIS;RIBEIRÃO PRETO;3509403
Campina do Monte Alegre;CAMPINA DO MONTE ALEGRE;ITAPETININGA;ITAPETININGA;3509452
Campinas;CAMPINAS;CAMPINAS;CAMPINAS;3509502
Campo Limpo Paulista;CAMPO LIMPO PAULISTA;JUNDIAÍ;MACRO METROPOLITANA PAULISTA;3509601
Campos do Jordão;CAMPOS DO JORDÃO;CAMPOS DO JORDÃO;VALE DO PARAÍBA PAULISTA;3509700
Campos Novos Paulista;CAMPOS NOVOS PAULISTA;ASSIS;ASSIS;3509809
Cananéia;CANANÉIA;REGISTRO;LITORAL SUL PAULISTA;3509908
Canas;CANAS;GUARATINGUETÁ;VALE DO PARAÍBA PAULISTA;3509957
Cândido Mota;CÂNDIDO MOTA;ASSIS;ASSIS;3510005
Cândido Rodrigues;CÂNDIDO RODRIGUES;JABOTICABAL;RIBEIRÃO PRETO;3510104
Canitar;CANITAR;OURINHOS;ASSIS;3510153
Capão Bonito;CAPÃO BONITO;CAPÃO BONITO;ITAPETININGA;3510203
Capela do Alto;CAPELA DO ALTO;SOROCABA;MACRO METROPOLITANA PAULISTA;3510302
Capivari;CAPIVARI;PIRACICABA;PIRACICABA;3510401
Caraguatatuba;CARAGUATATUBA;CARAGUATATUBA;VALE DO PARAÍBA PAULISTA;3510500
Carapicuíba;CARAPICUÍBA;OSASCO;METROPOLITANA DE SÃO PAULO;3510609
Cardoso;CARDOSO;VOTUPORANGA;SÃO JOSÉ DO RIO PRETO;3510708
Casa Branca;CASA BRANCA;SÃO JOÃO DA BOA VISTA;CAMPINAS;3510807
Cássia dos Coqueiros;CÁSSIA DOS COQUEIROS;BATATAIS;RIBEIRÃO PRETO;3510906
Castilho;CASTILHO;ANDRADINA;ARAÇATUBA;3511003
Catanduva;CATANDUVA;CATANDUVA;SÃO JOSÉ DO RIO PRETO;3511102
Catiguá;CATIGUÁ;CATANDUVA;SÃO JOSÉ DO RIO PRETO;3511201
Cedral;CEDRAL;SÃO JOSÉ DO RIO PRETO;SÃO JOSÉ DO RIO PRETO;3511300
Cerqueira César;CERQUEIRA CÉSAR;AVARÉ;BAURU;3511409
Cerquilho;CERQUILHO;TATUÍ;ITAPETININGA;3511508
Cesário Lange;CESÁRIO LANGE;TATUÍ;ITAPETININGA;3511607
Charqueada;CHARQUEADA;PIRACICABA;PIRACICABA;3511706
Chavantes;CHAVANTES;OURINHOS;ASSIS;3557204
Clementina;CLEMENTINA;BIRIGUI;ARAÇATUBA;3511904
Colina;COLINA;BARRETOS;RIBEIRÃO PRETO;3512001
Colômbia;COLÔMBIA;BARRETOS;RIBEIRÃO PRETO;3512100
Conchal;CONCHAL;LIMEIRA;PIRACICABA;3512209
Conchas;CONCHAS;BOTUCATU;BAURU;3512308
Cordeirópolis;CORDEIRÓPOLIS;LIMEIRA;PIRACICABA;3512407
Coroados;COROADOS;BIRIGUI;ARAÇATUBA;3512506
Coronel Macedo;CORONEL MACEDO;ITAPEVA;ITAPETININGA;3512605
Corumbataí;CORUMBATAÍ;RIO CLARO;PIRACICABA;3512704
Cosmópolis;COSMÓPOLIS;CAMPINAS;CAMPINAS;3512803
Cosmorama;COSMORAMA;VOTUPORANGA;SÃO JOSÉ DO RIO PRETO;3512902
Cotia;COTIA;ITAPECERICA DA SERRA;METROPOLITANA DE SÃO PAULO;3513009
Cravinhos;CRAVINHOS;RIBEIRÃO PRETO;RIBEIRÃO PRETO;3513108
Cristais Paulista;CRISTAIS PAULISTA;FRANCA;RIBEIRÃO PRETO;3513207
Cruzália;CRUZÁLIA;ASSIS;ASSIS;3513306
Cruzeiro;CRUZEIRO;GUARATINGUETÁ;VALE DO PARAÍBA PAULISTA;3513405
Cubatão;CUBATÃO;SANTOS;METROPOLITANA DE SÃO PAULO;3513504
Cunha;CUNHA;PARAIBUNA/PARAITINGA;VALE DO PARAÍBA PAULISTA;3513603
Descalvado;DESCALVADO;SÃO CARLOS;ARARAQUARA;3513702
Diadema;DIADEMA;GRANDE ABC;METROPOLITANA DE SÃO PAULO;3513801
Dirce Reis;DIRCE REIS;JALES;SÃO JOSÉ DO RIO PRETO;3513850
Divinolândia;DIVINOLÂNDIA;SÃO JOÃO DA BOA VISTA;CAMPINAS;3513900
Dobrada;DOBRADA;ARARAQUARA;ARARAQUARA;3514007
Dois Córregos;DOIS CÓRREGOS;JAÚ;BAURU;3514106
Dolcinópolis;DOLCINÓPOLIS;JALES;SÃO JOSÉ DO RIO PRETO;3514205
Dourado;DOURADO;SÃO CARLOS;ARARAQUARA;3514304
Dracena;DRACENA;DRACENA;PRESIDENTE PRUDENTE;3514403
Duartina;DUARTINA;BAURU;BAURU;3514502
Dumont;DUMONT;RIBEIRÃO PRETO;RIBEIRÃO PRETO;3514601
Echaporã;ECHAPORÃ;MARÍLIA;MARÍLIA;3514700
Eldorado;ELDORADO;REGISTRO;LITORAL SUL PAULISTA;3514809
Elias Fausto;ELIAS FAUSTO;CAMPINAS;CAMPINAS;3514908
Elisiário;ELISIÁRIO;CATANDUVA;SÃO JOSÉ DO RIO PRETO;3514924
Embaúba;EMBAÚBA;CATANDUVA;SÃO JOSÉ DO RIO PRETO;3514957
Embu;EMBU;ITAPECERICA DA SERRA;METROPOLITANA DE SÃO PAULO;3515004
Embu das Artes;EMBU DAS ARTES;ITAPECERICA DA SERRA;METROPOLITANA DE SÃO PAULO;3515004
Embu-Guaçu;EMBU-GUAÇU;ITAPECERICA DA SERRA;METROPOLITANA DE SÃO PAULO;3515103
Emilianópolis;EMILIANÓPOLIS;PRESIDENTE PRUDENTE;PRESIDENTE PRUDENTE;3515129
Engenheiro Coelho;ENGENHEIRO COELHO;MOGI MIRIM;CAMPINAS;3515152
Espírito Santo do Pinhal;ESPÍRITO SANTO DO PINHAL;SÃO JOÃO DA BOA VISTA;CAMPINAS;3515186
Espírito Santo do Turvo;ESPÍRITO SANTO DO TURVO;OURINHOS;ASSIS;3515194
Estiva Gerbi;ESTIVA GERBI;MOGI MIRIM;CAMPINAS;3557303
Estrela do Norte;ESTRELA DO NORTE;PRESIDENTE PRUDENTE;PRESIDENTE PRUDENTE;3515301
Estrela d'Oeste;ESTRELA D'OESTE;FERNANDÓPOLIS;SÃO JOSÉ DO RIO PRETO;3515202
Euclides da Cunha Paulista;EUCLIDES DA CUNHA PAULISTA;PRESIDENTE PRUDENTE;PRESIDENTE PRUDENTE;3515350
Fartura;FARTURA;OURINHOS;ASSIS;3515400
Fernando Prestes;FERNANDO PRESTES;JABOTICABAL;RIBEIRÃO PRETO;3515608
Fernandópolis;FERNANDÓPOLIS;FERNANDÓPOLIS;SÃO JOSÉ DO RIO PRETO;3515509
Fernão;FERNÃO;MARÍLIA;MARÍLIA;3515657
Ferraz de Vasconcelos;FERRAZ DE VASCONCELOS;MOGI DAS CRUZES;METROPOLITANA DE SÃO PAULO;3515707
Flora Rica;FLORA RICA;ADAMANTINA;PRESIDENTE PRUDENTE;3515806
Floreal;FLOREAL;AURIFLAMA;SÃO JOSÉ DO RIO PRETO;3515905
Flórida Paulista;FLÓRIDA PAULISTA;ADAMANTINA;PRESIDENTE PRUDENTE;3516002
Florínia;FLORÍNIA;ASSIS;ASSIS;3516101
Franca;FRANCA;FRANCA;RIBEIRÃO PRETO;3516200
Francisco Morato;FRANCISCO MORATO;FRANCO DA ROCHA;METROPOLITANA DE SÃO PAULO;3516309
Franco da Rocha;FRANCO DA ROCHA;FRANCO DA ROCHA;METROPOLITANA DE SÃO PAULO;3516408
Gabriel Monteiro;GABRIEL MONTEIRO;BIRIGUI;ARAÇATUBA;3516507
Gália;GÁLIA;MARÍLIA;MARÍLIA;3516606
Garça;GARÇA;MARÍLIA;MARÍLIA;3516705
Gastão Vidigal;GASTÃO VIDIGAL;AURIFLAMA;SÃO JOSÉ DO RIO PRETO;3516804
Gavião Peixoto;GAVIÃO PEIXOTO;ARARAQUARA;ARARAQUARA;3516853
General Salgado;GENERAL SALGADO;AURIFLAMA;SÃO JOSÉ DO RIO PRETO;3516903
Getulina;GETULINA;LINS;BAURU;3517000
Glicério;GLICÉRIO;BIRIGUI;ARAÇATUBA;3517109
Guaiçara;GUAIÇARA;LINS;BAURU;3517208
Guaimbê;GUAIMBÊ;LINS;BAURU;3517307
Guaíra;GUAÍRA;SÃO JOAQUIM DA BARRA;RIBEIRÃO PRETO;3517406
Guapiaçu;GUAPIAÇU;SÃO JOSÉ DO RIO PRETO;SÃO JOSÉ DO RIO PRETO;3517505
Guapiara;GUAPIARA;CAPÃO BONITO;ITAPETININGA;3517604
Guará;GUARÁ;ITUVERAVA;RIBEIRÃO PRETO;3517703
Guaraçaí;GUARAÇAÍ;ANDRADINA;ARAÇATUBA;3517802
Guaraci;GUARACI;SÃO JOSÉ DO RIO PRETO;SÃO JOSÉ DO RIO PRETO;3517901
Guarani D'Oeste;GUARANI D'OESTE;FERNANDÓPOLIS;SÃO JOSÉ DO RIO PRETO;3518008
Guarantã;GUARANTÃ;BAURU;BAURU;3518107
Guararapes;GUARARAPES;ARAÇATUBA;ARAÇATUBA;3518206
Guararema;GUARAREMA;MOGI DAS CRUZES;METROPOLITANA DE SÃO PAULO;3518305
Guaratinguetá;GUARATINGUETÁ;GUARATINGUETÁ;VALE DO PARAÍBA PAULISTA;3518404
Guareí;GUAREÍ;ITAPETININGA;ITAPETININGA;3518503
Guariba;GUARIBA;JABOTICABAL;RIBEIRÃO PRETO;3518602
Guarujá;GUARUJÁ;SANTOS;METROPOLITANA DE SÃO PAULO;3518701
Guarulhos;GUARULHOS;GUARULHOS;METROPOLITANA DE SÃO PAULO;3518800
Guatapará;GUATAPARÁ;RIBEIRÃO PRETO;RIBEIRÃO PRETO;3518859
Guzolândia;GUZOLÂNDIA;AURIFLAMA;SÃO JOSÉ DO RIO PRETO;3518909
Herculândia;HERCULÂNDIA;TUPÃ;MARÍLIA;3519006
Holambra;HOLAMBRA;CAMPINAS;CAMPINAS;3519055
Hortolândia;HORTOLÂNDIA;CAMPINAS;CAMPINAS;3519071
Iacanga;IACANGA;BAURU;BAURU;3519105
Iacri;IACRI;TUPÃ;MARÍLIA;3519204
Iaras;IARAS;AVARÉ;BAURU;3519253
Ibaté;IBATÉ;SÃO CARLOS;ARARAQUARA;3519303
Ibirá;IBIRÁ;SÃO JOSÉ DO RIO PRETO;SÃO JOSÉ DO RIO PRETO;3519402
Ibirarema;IBIRAREMA;ASSIS;ASSIS;3519501
Ibitinga;IBITINGA;ARARAQUARA;ARARAQUARA;3519600
Ibiúna;IBIÚNA;PIEDADE;MACRO METROPOLITANA PAULISTA;3519709
Icém;ICÉM;SÃO JOSÉ DO RIO PRETO;SÃO JOSÉ DO RIO PRETO;3519808
Iepê;IEPÊ;ASSIS;ASSIS;3519907
Igaraçu do Tietê;IGARAÇU DO TIETÊ;JAÚ;BAURU;3520004
Igarapava;IGARAPAVA;ITUVERAVA;RIBEIRÃO PRETO;3520103
Igaratá;IGARATÁ;SÃO JOSÉ DOS CAMPOS;VALE DO PARAÍBA PAULISTA;3520202
Iguape;IGUAPE;REGISTRO;LITORAL SUL PAULISTA;3520301
Ilha Comprida;ILHA COMPRIDA;REGISTRO;LITORAL SUL PAULISTA;3520426
Ilha Solteira;ILHA SOLTEIRA;ANDRADINA;ARAÇATUBA;3520442
Ilhabela;ILHABELA;CARAGUATATUBA;VALE DO PARAÍBA PAULISTA;3520400
Indaiatuba;INDAIATUBA;CAMPINAS;CAMPINAS;3520509
Indiana;INDIANA;PRESIDENTE PRUDENTE;PRESIDENTE PRUDENTE;3520608
Indiaporã;INDIAPORÃ;FERNANDÓPOLIS;SÃO JOSÉ DO RIO PRETO;3520707
Inúbia Paulista;INÚBIA PAULISTA;ADAMANTINA;PRESIDENTE PRUDENTE;3520806
Ipaussu;IPAUSSU;OURINHOS;ASSIS;3520905
Iperó;IPERÓ;SOROCABA;MACRO METROPOLITANA PAULISTA;3521002
Ipeúna;IPEÚNA;RIO CLARO;PIRACICABA;3521101
Ipiguá;IPIGUÁ;SÃO JOSÉ DO RIO PRETO;SÃO JOSÉ DO RIO PRETO;3521150
Iporanga;IPORANGA;CAPÃO BONITO;ITAPETININGA;3521200
Ipuã;IPUÃ;SÃO JOAQUIM DA BARRA;RIBEIRÃO PRETO;3521309
Iracemápolis;IRACEMÁPOLIS;LIMEIRA;PIRACICABA;3521408
Irapuã;IRAPUÃ;NOVO HORIZONTE;SÃO JOSÉ DO RIO PRETO;3521507
Irapuru;IRAPURU;ADAMANTINA;PRESIDENTE PRUDENTE;3521606
Itaberá;ITABERÁ;ITAPEVA;ITAPETININGA;3521705
Itaí;ITAÍ;AVARÉ;BAURU;3521804
Itajobi;ITAJOBI;NOVO HORIZONTE;SÃO JOSÉ DO RIO PRETO;3521903
Itaju;ITAJU;JAÚ;BAURU;3522000
Itanhaém;ITANHAÉM;ITANHAÉM;LITORAL SUL PAULISTA;3522109
Itaóca;ITAÓCA;CAPÃO BONITO;ITAPETININGA;3522158
Itapecerica da Serra;ITAPECERICA DA SERRA;ITAPECERICA DA SERRA;METROPOLITANA DE SÃO PAULO;3522208
Itapetininga;ITAPETININGA;ITAPETININGA;ITAPETININGA;3522307
Itapeva;ITAPEVA;ITAPEVA;ITAPETININGA;3522406
Itapevi;ITAPEVI;OSASCO;METROPOLITANA DE SÃO PAULO;3522505
Itapira;ITAPIRA;MOGI MIRIM;CAMPINAS;3522604
Itapirapuã Paulista;ITAPIRAPUÃ PAULISTA;CAPÃO BONITO;ITAPETININGA;3522653
Itápolis;ITÁPOLIS;ARARAQUARA;ARARAQUARA;3522703
Itaporanga;ITAPORANGA;ITAPEVA;ITAPETININGA;3522802
Itapuí;ITAPUÍ;JAÚ;BAURU;3522901
Itapura;ITAPURA;ANDRADINA;ARAÇATUBA;3523008
Itaquaquecetuba;ITAQUAQUECETUBA;MOGI DAS CRUZES;METROPOLITANA DE SÃO PAULO;3523107
Itararé;ITARARÉ;ITAPEVA;ITAPETININGA;3523206
Itariri;ITARIRI;ITANHAÉM;LITORAL SUL PAULISTA;3523305
Itatiba;ITATIBA;BRAGANÇA PAULISTA;MACRO METROPOLITANA PAULISTA;3523404
Itatinga;ITATINGA;AVARÉ;BAURU;3523503
Itirapina;ITIRAPINA;RIO CLARO;PIRACICABA;3523602
Itirapuã;ITIRAPUÃ;FRANCA;RIBEIRÃO PRETO;3523701
Itobi;ITOBI;SÃO JOÃO DA BOA VISTA;CAMPINAS;3523800
Itu;ITU;SOROCABA;MACRO METROPOLITANA PAULISTA;3523909
Itupeva;ITUPEVA;JUNDIAÍ;MACRO METROPOLITANA PAULISTA;3524006
Ituverava;ITUVERAVA;ITUVERAVA;RIBEIRÃO PRETO;3524105
Jaborandi;JABORANDI;SÃO JOAQUIM DA BARRA;RIBEIRÃO PRETO;3524204
Jaboticabal;JABOTICABAL;JABOTICABAL;RIBEIRÃO PRETO;3524303
Jacareí;JACAREÍ;SÃO JOSÉ DOS CAMPOS;VALE DO PARAÍBA PAULISTA;3524402
Jaci;JACI;SÃO JOSÉ DO RIO PRETO;SÃO JOSÉ DO RIO PRETO;3524501
Jacupiranga;JACUPIRANGA;REGISTRO;LITORAL SUL PAULISTA;3524600
Jaguariúna;JAGUARIÚNA;CAMPINAS;CAMPINAS;3524709
Jales;JALES;JALES;SÃO JOSÉ DO RIO PRETO;3524808
Jambeiro;JAMBEIRO;PARAIBUNA/PARAITINGA;VALE DO PARAÍBA PAULISTA;3524907
Jandira;JANDIRA;OSASCO;METROPOLITANA DE SÃO PAULO;3525003
Jardinópolis;JARDINÓPOLIS;RIBEIRÃO PRETO;RIBEIRÃO PRETO;3525102
Jarinu;JARINU;BRAGANÇA PAULISTA;MACRO METROPOLITANA PAULISTA;3525201
Jaú;JAÚ;JAÚ;BAURU;3525300
Jeriquara;JERIQUARA;FRANCA;RIBEIRÃO PRETO;3525409
Joanópolis;JOANÓPOLIS;BRAGANÇA PAULISTA;MACRO METROPOLITANA PAULISTA;3525508
João Ramalho;JOÃO RAMALHO;PRESIDENTE PRUDENTE;PRESIDENTE PRUDENTE;3525607
José Bonifácio;JOSÉ BONIFÁCIO;SÃO JOSÉ DO RIO PRETO;SÃO JOSÉ DO RIO PRETO;3525706
Júlio Mesquita;JÚLIO MESQUITA;LINS;BAURU;3525805
Jumirim;JUMIRIM;PIRACICABA;PIRACICABA;3525854
Jundiaí;JUNDIAÍ;JUNDIAÍ;MACRO METROPOLITANA PAULISTA;3525904
Junqueirópolis;JUNQUEIRÓPOLIS;DRACENA;PRESIDENTE PRUDENTE;3526001
Juquiá;JUQUIÁ;REGISTRO;LITORAL SUL PAULISTA;3526100
Juquitiba;JUQUITIBA;ITAPECERICA DA SERRA;METROPOLITANA DE SÃO PAULO;3526209
Lagoinha;LAGOINHA;PARAIBUNA/PARAITINGA;VALE DO PARAÍBA PAULISTA;3526308
Laranjal Paulista;LARANJAL PAULISTA;TATUÍ;ITAPETININGA;3526407
Lavínia;LAVÍNIA;ARAÇATUBA;ARAÇATUBA;3526506
Lavrinhas;LAVRINHAS;GUARATINGUETÁ;VALE DO PARAÍBA PAULISTA;3526605
Leme;LEME;LIMEIRA;PIRACICABA;3526704
Lençóis Paulista;LENÇÓIS PAULISTA;BAURU;BAURU;3526803
Limeira;LIMEIRA;LIMEIRA;PIRACICABA;3526902
Lindóia;LINDÓIA;AMPARO;CAMPINAS;3527009
Lins;LINS;LINS;BAURU;3527108
Lorena;LORENA;GUARATINGUETÁ;VALE DO PARAÍBA PAULISTA;3527207
Lourdes;LOURDES;BIRIGUI;ARAÇATUBA;3527256
Louveira;LOUVEIRA;JUNDIAÍ;MACRO METROPOLITANA PAULISTA;3527306
Lucélia;LUCÉLIA;ADAMANTINA;PRESIDENTE PRUDENTE;3527405
Lucianópolis;LUCIANÓPOLIS;BAURU;BAURU;3527504
Luís Antônio;LUÍS ANTÔNIO;RIBEIRÃO PRETO;RIBEIRÃO PRETO;3527603
Luiziânia;LUIZIÂNIA;BIRIGUI;ARAÇATUBA;3527702
Lupércio;LUPÉRCIO;MARÍLIA;MARÍLIA;3527801
Lutécia;LUTÉCIA;ASSIS;ASSIS;3527900
Macatuba;MACATUBA;JAÚ;BAURU;3528007
Macaubal;MACAUBAL;NHANDEARA;SÃO JOSÉ DO RIO PRETO;3528106
Macedônia;MACEDÔNIA;FERNANDÓPOLIS;SÃO JOSÉ DO RIO PRETO;3528205
Magda;MAGDA;AURIFLAMA;SÃO JOSÉ DO RIO PRETO;3528304
Mairinque;MAIRINQUE;SOROCABA;MACRO METROPOLITANA PAULISTA;3528403
Mairiporã;MAIRIPORÃ;FRANCO DA ROCHA;METROPOLITANA DE SÃO PAULO;3528502
Manduri;MANDURI;OURINHOS;ASSIS;3528601
Marabá Paulista;MARABÁ PAULISTA;PRESIDENTE PRUDENTE;PRESIDENTE PRUDENTE;3528700
Maracaí;MARACAÍ;ASSIS;ASSIS;3528809
Marapoama;MARAPOAMA;NOVO HORIZONTE;SÃO JOSÉ DO RIO PRETO;3528858
Mariápolis;MARIÁPOLIS;ADAMANTINA;PRESIDENTE PRUDENTE;3528908
Marília;MARÍLIA;MARÍLIA;MARÍLIA;3529005
Marinópolis;MARINÓPOLIS;JALES;SÃO JOSÉ DO RIO PRETO;3529104
Martinópolis;MARTINÓPOLIS;PRESIDENTE PRUDENTE;PRESIDENTE PRUDENTE;3529203
Matão;MATÃO;ARARAQUARA;ARARAQUARA;3529302
Mauá;MAUÁ;GRANDE ABC;METROPOLITANA DE SÃO PAULO;3529401
Mendonça;MENDONÇA;SÃO JOSÉ DO RIO PRETO;SÃO JOSÉ DO RIO PRETO;3529500
Meridiano;MERIDIANO;FERNANDÓPOLIS;SÃO JOSÉ DO RIO PRETO;3529609
Mesópolis;MESÓPOLIS;JALES;SÃO JOSÉ DO RIO PRETO;3529658
Miguelópolis;MIGUELÓPOLIS;SÃO JOAQUIM DA BARRA;RIBEIRÃO PRETO;3529708
Mineiros do Tietê;MINEIROS DO TIETÊ;JAÚ;BAURU;3529807
Mira Estrela;MIRA ESTRELA;FERNANDÓPOLIS;SÃO JOSÉ DO RIO PRETO;3530003
Miracatu;MIRACATU;REGISTRO;LITORAL SUL PAULISTA;3529906
Mirandópolis;MIRANDÓPOLIS;ANDRADINA;ARAÇATUBA;3530102
Mirante do Paranapanema;MIRANTE DO PARANAPANEMA;PRESIDENTE PRUDENTE;PRESIDENTE PRUDENTE;3530201
Mirassol;MIRASSOL;SÃO JOSÉ DO RIO PRETO;SÃO JOSÉ DO RIO PRETO;3530300
Mirassolândia;MIRASSOLÂNDIA;SÃO JOSÉ DO RIO PRETO;SÃO JOSÉ DO RIO PRETO;3530409
Mococa;MOCOCA;SÃO JOÃO DA BOA VISTA;CAMPINAS;3530508
Mogi das Cruzes;MOGI DAS CRUZES;MOGI DAS CRUZES;METROPOLITANA DE SÃO PAULO;3530607
Mogi Guaçu;MOGI GUAÇU;MOGI MIRIM;CAMPINAS;3530706
Mogi Mirim;MOGI MIRIM;MOGI MIRIM;CAMPINAS;3530805
Mombuca;MOMBUCA;PIRACICABA;PIRACICABA;3530904
Monções;MONÇÕES;NHANDEARA;SÃO JOSÉ DO RIO PRETO;3531001
Mongaguá;MONGAGUÁ;ITANHAÉM;LITORAL SUL PAULISTA;3531100
Monte Alegre do Sul;MONTE ALEGRE DO SUL;AMPARO;CAMPINAS;3531209
Monte Alto;MONTE ALTO;JABOTICABAL;RIBEIRÃO PRETO;3531308
Monte Aprazível;MONTE APRAZÍVEL;NHANDEARA;SÃO JOSÉ DO RIO PRETO;3531407
Monte Azul Paulista;MONTE AZUL PAULISTA;JABOTICABAL;RIBEIRÃO PRETO;3531506
Monte Castelo;MONTE CASTELO;DRACENA;PRESIDENTE PRUDENTE;3531605
Monte Mor;MONTE MOR;CAMPINAS;CAMPINAS;3531803
Monteiro Lobato;MONTEIRO LOBATO;CAMPOS DO JORDÃO;VALE DO PARAÍBA PAULISTA;3531704
Morro Agudo;MORRO AGUDO;SÃO JOAQUIM DA BARRA;RIBEIRÃO PRETO;3531902
Morungaba;MORUNGABA;BRAGANÇA PAULISTA;MACRO METROPOLITANA PAULISTA;3532009
Motuca;MOTUCA;ARARAQUARA;ARARAQUARA;3532058
Murutinga do Sul;MURUTINGA DO SUL;ANDRADINA;ARAÇATUBA;3532108
Nantes;NANTES;ASSIS;ASSIS;3532157
Narandiba;NARANDIBA;PRESIDENTE PRUDENTE;PRESIDENTE PRUDENTE;3532207
Natividade da Serra;NATIVIDADE DA SERRA;PARAIBUNA/PARAITINGA;VALE DO PARAÍBA PAULISTA;3532306
Nazaré Paulista;NAZARÉ PAULISTA;BRAGANÇA PAULISTA;MACRO METROPOLITANA PAULISTA;3532405
Neves Paulista;NEVES PAULISTA;NHANDEARA;SÃO JOSÉ DO RIO PRETO;3532504
Nhandeara;NHANDEARA;NHANDEARA;SÃO JOSÉ DO RIO PRETO;3532603
Nipoã;NIPOÃ;NHANDEARA;SÃO JOSÉ DO RIO PRETO;3532702
Nova Aliança;NOVA ALIANÇA;SÃO JOSÉ DO RIO PRETO;SÃO JOSÉ DO RIO PRETO;3532801
Nova Campina;NOVA CAMPINA;ITAPEVA;ITAPETININGA;3532827
Nova Canaã Paulista;NOVA CANAÃ PAULISTA;JALES;SÃO JOSÉ DO RIO PRETO;3532843
Nova Castilho;NOVA CASTILHO;AURIFLAMA;SÃO JOSÉ DO RIO PRETO;3532868
Nova Europa;NOVA EUROPA;ARARAQUARA;ARARAQUARA;3532900
Nova Granada;NOVA GRANADA;SÃO JOSÉ DO RIO PRETO;SÃO JOSÉ DO RIO PRETO;3533007
Nova Guataporanga;NOVA GUATAPORANGA;DRACENA;PRESIDENTE PRUDENTE;3533106
Nova Independência;NOVA INDEPENDÊNCIA;ANDRADINA;ARAÇATUBA;3533205
Nova Luzitânia;NOVA LUZITÂNIA;AURIFLAMA;SÃO JOSÉ DO RIO PRETO;3533304
Nova Odessa;NOVA ODESSA;CAMPINAS;CAMPINAS;3533403
Novais;NOVAIS;CATANDUVA;SÃO JOSÉ DO RIO PRETO;3533254
Novo Horizonte;NOVO HORIZONTE;NOVO HORIZONTE;SÃO JOSÉ DO RIO PRETO;3533502
Nuporanga;NUPORANGA;SÃO JOAQUIM DA BARRA;RIBEIRÃO PRETO;3533601
Ocauçu;OCAUÇU;MARÍLIA;MARÍLIA;3533700
Óleo;ÓLEO;OURINHOS;ASSIS;3533809
Olímpia;OLÍMPIA;SÃO JOSÉ DO RIO PRETO;SÃO JOSÉ DO RIO PRETO;3533908
Onda Verde;ONDA VERDE;SÃO JOSÉ DO RIO PRETO;SÃO JOSÉ DO RIO PRETO;3534005
Oriente;ORIENTE;MARÍLIA;MARÍLIA;3534104
Orindiúva;ORINDIÚVA;SÃO JOSÉ DO RIO PRETO;SÃO JOSÉ DO RIO PRETO;3534203
Orlândia;ORLÂNDIA;SÃO JOAQUIM DA BARRA;RIBEIRÃO PRETO;3534302
Osasco;OSASCO;OSASCO;METROPOLITANA DE SÃO PAULO;3534401
Oscar Bressane;OSCAR BRESSANE;MARÍLIA;MARÍLIA;3534500
Osvaldo Cruz;OSVALDO CRUZ;ADAMANTINA;PRESIDENTE PRUDENTE;3534609
Ourinhos;OURINHOS;OURINHOS;ASSIS;3534708
Ouro Verde;OURO VERDE;DRACENA;PRESIDENTE PRUDENTE;3534807
Ouroeste;OUROESTE;FERNANDÓPOLIS;SÃO JOSÉ DO RIO PRETO;3534757
Pacaembu;PACAEMBU;ADAMANTINA;PRESIDENTE PRUDENTE;3534906
Palestina;PALESTINA;SÃO JOSÉ DO RIO PRETO;SÃO JOSÉ DO RIO PRETO;3535002
Palmares Paulista;PALMARES PAULISTA;CATANDUVA;SÃO JOSÉ DO RIO PRETO;3535101
Palmeira d'Oeste;PALMEIRA D'OESTE;JALES;SÃO JOSÉ DO RIO PRETO;3535200
Palmital;PALMITAL;ASSIS;ASSIS;3535309
Panorama;PANORAMA;DRACENA;PRESIDENTE PRUDENTE;3535408
Paraguaçu Paulista;PARAGUAÇU PAULISTA;ASSIS;ASSIS;3535507
Paraibuna;PARAIBUNA;PARAIBUNA/PARAITINGA;VALE DO PARAÍBA PAULISTA;3535606
Paraíso;PARAÍSO;CATANDUVA;SÃO JOSÉ DO RIO PRETO;3535705
Paranapanema;PARANAPANEMA;AVARÉ;BAURU;3535804
Paranapuã;PARANAPUÃ;JALES;SÃO JOSÉ DO RIO PRETO;3535903
Parapuã;PARAPUÃ;ADAMANTINA;PRESIDENTE PRUDENTE;3536000
Pardinho;PARDINHO;BOTUCATU;BAURU;3536109
Pariquera-Açu;PARIQUERA-AÇU;REGISTRO;LITORAL SUL PAULISTA;3536208
Parisi;PARISI;VOTUPORANGA;SÃO JOSÉ DO RIO PRETO;3536257
Patrocínio Paulista;PATROCÍNIO PAULISTA;FRANCA;RIBEIRÃO PRETO;3536307
Paulicéia;PAULICÉIA;DRACENA;PRESIDENTE PRUDENTE;3536406
Paulínia;PAULÍNIA;CAMPINAS;CAMPINAS;3536505
Paulistânia;PAULISTÂNIA;BAURU;BAURU;3536570
Paulo de Faria;PAULO DE FARIA;SÃO JOSÉ DO RIO PRETO;SÃO JOSÉ DO RIO PRETO;3536604
Pederneiras;PEDERNEIRAS;JAÚ;BAURU;3536703
Pedra Bela;PEDRA BELA;AMPARO;CAMPINAS;3536802
Pedranópolis;PEDRANÓPOLIS;FERNANDÓPOLIS;SÃO JOSÉ DO RIO PRETO;3536901
Pedregulho;PEDREGULHO;FRANCA;RIBEIRÃO PRETO;3537008
Pedreira;PEDREIRA;CAMPINAS;CAMPINAS;3537107
Pedrinhas Paulista;PEDRINHAS PAULISTA;ASSIS;ASSIS;3537156
Pedro de Toledo;PEDRO DE TOLEDO;ITANHAÉM;LITORAL SUL PAULISTA;3537206
Penápolis;PENÁPOLIS;BIRIGUI;ARAÇATUBA;3537305
Pereira Barreto;PEREIRA BARRETO;ANDRADINA;ARAÇATUBA;3537404
Pereiras;PEREIRAS;TATUÍ;ITAPETININGA;3537503
Peruíbe;PERUÍBE;ITANHAÉM;LITORAL SUL PAULISTA;3537602
Piacatu;PIACATU;BIRIGUI;ARAÇATUBA;3537701
Piedade;PIEDADE;PIEDADE;MACRO METROPOLITANA PAULISTA;3537800
Pilar do Sul;PILAR DO SUL;PIEDADE;MACRO METROPOLITANA PAULISTA;3537909
Pindamonhangaba;PINDAMONHANGABA;SÃO JOSÉ DOS CAMPOS;VALE DO PARAÍBA PAULISTA;3538006
Pindorama;PINDORAMA;CATANDUVA;SÃO JOSÉ DO RIO PRETO;3538105
Pinhalzinho;PINHALZINHO;AMPARO;CAMPINAS;3538204
Piquerobi;PIQUEROBI;PRESIDENTE PRUDENTE;PRESIDENTE PRUDENTE;3538303
Piquete;PIQUETE;GUARATINGUETÁ;VALE DO PARAÍBA PAULISTA;3538501
Piracaia;PIRACAIA;BRAGANÇA PAULISTA;MACRO METROPOLITANA PAULISTA;3538600
Piracicaba;PIRACICABA;PIRACICABA;PIRACICABA;3538709
Piraju;PIRAJU;OURINHOS;ASSIS;3538808
Pirajuí;PIRAJUÍ;BAURU;BAURU;3538907
Pirangi;PIRANGI;JABOTICABAL;RIBEIRÃO PRETO;3539004
Pirapora do Bom Jesus;PIRAPORA DO BOM JESUS;OSASCO;METROPOLITANA DE SÃO PAULO;3539103
Pirapozinho;PIRAPOZINHO;PRESIDENTE PRUDENTE;PRESIDENTE PRUDENTE;3539202
Pirassununga;PIRASSUNUNGA;PIRAÇUNUNGA;CAMPINAS;3539301
Piratininga;PIRATININGA;BAURU;BAURU;3539400
Pitangueiras;PITANGUEIRAS;JABOTICABAL;RIBEIRÃO PRETO;3539509
Planalto;PLANALTO;SÃO JOSÉ DO RIO PRETO;SÃO JOSÉ DO RIO PRETO;3539608
Platina;PLATINA;ASSIS;ASSIS;3539707
Poá;POÁ;MOGI DAS CRUZES;METROPOLITANA DE SÃO PAULO;3539806
Poloni;POLONI;NHANDEARA;SÃO JOSÉ DO RIO PRETO;3539905
Pompéia;POMPÉIA;MARÍLIA;MARÍLIA;3540002
Pongaí;PONGAÍ;BAURU;BAURU;3540101
Pontal;PONTAL;RIBEIRÃO PRETO;RIBEIRÃO PRETO;3540200
Pontalinda;PONTALINDA;JALES;SÃO JOSÉ DO RIO PRETO;3540259
Pontes Gestal;PONTES GESTAL;VOTUPORANGA;SÃO JOSÉ DO RIO PRETO;3540309
Populina;POPULINA;JALES;SÃO JOSÉ DO RIO PRETO;3540408
Porangaba;PORANGABA;TATUÍ;ITAPETININGA;3540507
Porto Feliz;PORTO FELIZ;SOROCABA;MACRO METROPOLITANA PAULISTA;3540606
Porto Ferreira;PORTO FERREIRA;PIRAÇUNUNGA;CAMPINAS;3540705
Potim;POTIM;GUARATINGUETÁ;VALE DO PARAÍBA PAULISTA;3540754
Potirendaba;POTIRENDABA;SÃO JOSÉ DO RIO PRETO;SÃO JOSÉ DO RIO PRETO;3540804
Pracinha;PRACINHA;ADAMANTINA;PRESIDENTE PRUDENTE;3540853
Pradópolis;PRADÓPOLIS;RIBEIRÃO PRETO;RIBEIRÃO PRETO;3540903
Praia Grande;PRAIA GRANDE;SANTOS;METROPOLITANA DE SÃO PAULO;3541000
Pratânia;PRATÂNIA;BOTUCATU;BAURU;3541059
Presidente Alves;PRESIDENTE ALVES;BAURU;BAURU;3541109
Presidente Bernardes;PRESIDENTE BERNARDES;PRESIDENTE PRUDENTE;PRESIDENTE PRUDENTE;3541208
Presidente Epitácio;PRESIDENTE EPITÁCIO;PRESIDENTE PRUDENTE;PRESIDENTE PRUDENTE;3541307
Presidente Prudente;PRESIDENTE PRUDENTE;PRESIDENTE PRUDENTE;PRESIDENTE PRUDENTE;3541406
Presidente Venceslau;PRESIDENTE VENCESLAU;PRESIDENTE PRUDENTE;PRESIDENTE PRUDENTE;3541505
Promissão;PROMISSÃO;LINS;BAURU;3541604
Quadra;QUADRA;TATUÍ;ITAPETININGA;3541653
Quatá;QUATÁ;ASSIS;ASSIS;3541703
Queiroz;QUEIROZ;TUPÃ;MARÍLIA;3541802
Queluz;QUELUZ;GUARATINGUETÁ;VALE DO PARAÍBA PAULISTA;3541901
Quintana;QUINTANA;TUPÃ;MARÍLIA;3542008
Rafard;RAFARD;PIRACICABA;PIRACICABA;3542107
Rancharia;RANCHARIA;PRESIDENTE PRUDENTE;PRESIDENTE PRUDENTE;3542206
Redenção da Serra;REDENÇÃO DA SERRA;PARAIBUNA/PARAITINGA;VALE DO PARAÍBA PAULISTA;3542305
Regente Feijó;REGENTE FEIJÓ;PRESIDENTE PRUDENTE;PRESIDENTE PRUDENTE;3542404
Reginópolis;REGINÓPOLIS;BAURU;BAURU;3542503
Registro;REGISTRO;REGISTRO;LITORAL SUL PAULISTA;3542602
Restinga;RESTINGA;FRANCA;RIBEIRÃO PRETO;3542701
Ribeira;RIBEIRA;CAPÃO BONITO;ITAPETININGA;3542800
Ribeirão Bonito;RIBEIRÃO BONITO;SÃO CARLOS;ARARAQUARA;3542909
Ribeirão Branco;RIBEIRÃO BRANCO;CAPÃO BONITO;ITAPETININGA;3543006
Ribeirão Corrente;RIBEIRÃO CORRENTE;FRANCA;RIBEIRÃO PRETO;3543105
Ribeirão do Sul;RIBEIRÃO DO SUL;OURINHOS;ASSIS;3543204
Ribeirão dos Índios;RIBEIRÃO DOS ÍNDIOS;PRESIDENTE PRUDENTE;PRESIDENTE PRUDENTE;3543238
Ribeirão Grande;RIBEIRÃO GRANDE;CAPÃO BONITO;ITAPETININGA;3543253
Ribeirão Pires;RIBEIRÃO PIRES;GRANDE ABC;METROPOLITANA DE SÃO PAULO;3543303
Ribeirão Preto;RIBEIRÃO PRETO;RIBEIRÃO PRETO;RIBEIRÃO PRETO;3543402
Rifaina;RIFAINA;FRANCA;RIBEIRÃO PRETO;3543600
Rincão;RINCÃO;ARARAQUARA;ARARAQUARA;3543709
Rinópolis;RINÓPOLIS;ADAMANTINA;PRESIDENTE PRUDENTE;3543808
Rio Claro;RIO CLARO;RIO CLARO;PIRACICABA;3543907
Rio das Pedras;RIO DAS PEDRAS;PIRACICABA;PIRACICABA;3544004
Rio Grande da Serra;RIO GRANDE DA SERRA;GRANDE ABC;METROPOLITANA DE SÃO PAULO;3544103
Riolândia;RIOLÂNDIA;VOTUPORANGA;SÃO JOSÉ DO RIO PRETO;3544202
Riversul;RIVERSUL;ITAPEVA;ITAPETININGA;3543501
Rosana;ROSANA;PRESIDENTE PRUDENTE;PRESIDENTE PRUDENTE;3544251
Roseira;ROSEIRA;GUARATINGUETÁ;VALE DO PARAÍBA PAULISTA;3544301
Rubiácea;RUBIÁCEA;ARAÇATUBA;ARAÇATUBA;3544400
Rubinéia;RUBINÉIA;JALES;SÃO JOSÉ DO RIO PRETO;3544509
Sabino;SABINO;LINS;BAURU;3544608
Sagres;SAGRES;ADAMANTINA;PRESIDENTE PRUDENTE;3544707
Sales;SALES;NOVO HORIZONTE;SÃO JOSÉ DO RIO PRETO;3544806
Sales Oliveira;SALES OLIVEIRA;SÃO JOAQUIM DA BARRA;RIBEIRÃO PRETO;3544905
Salesópolis;SALESÓPOLIS;MOGI DAS CRUZES;METROPOLITANA DE SÃO PAULO;3545001
Salmourão;SALMOURÃO;ADAMANTINA;PRESIDENTE PRUDENTE;3545100
Saltinho;SALTINHO;PIRACICABA;PIRACICABA;3545159
Salto;SALTO;SOROCABA;MACRO METROPOLITANA PAULISTA;3545209
Salto de Pirapora;SALTO DE PIRAPORA;SOROCABA;MACRO METROPOLITANA PAULISTA;3545308
Salto Grande;SALTO GRANDE;OURINHOS;ASSIS;3545407
Sandovalina;SANDOVALINA;PRESIDENTE PRUDENTE;PRESIDENTE PRUDENTE;3545506
Santa Adélia;SANTA ADÉLIA;CATANDUVA;SÃO JOSÉ DO RIO PRETO;3545605
Santa Albertina;SANTA ALBERTINA;JALES;SÃO JOSÉ DO RIO PRETO;3545704
Santa Bárbara d'Oeste;SANTA BÁRBARA D'OESTE;CAMPINAS;CAMPINAS;3545803
Santa Branca;SANTA BRANCA;SÃO JOSÉ DOS CAMPOS;VALE DO PARAÍBA PAULISTA;3546009
Santa Clara d'Oeste;SANTA CLARA D'OESTE;JALES;SÃO JOSÉ DO RIO PRETO;3546108
Santa Cruz da Conceição;SANTA CRUZ DA CONCEIÇÃO;LIMEIRA;PIRACICABA;3546207
Santa Cruz da Esperança;SANTA CRUZ DA ESPERANÇA;BATATAIS;RIBEIRÃO PRETO;3546256
Santa Cruz das Palmeiras;SANTA CRUZ DAS PALMEIRAS;PIRAÇUNUNGA;CAMPINAS;3546306
Santa Cruz do Rio Pardo;SANTA CRUZ DO RIO PARDO;OURINHOS;ASSIS;3546405
Santa Ernestina;SANTA ERNESTINA;JABOTICABAL;RIBEIRÃO PRETO;3546504
Santa Fé do Sul;SANTA FÉ DO SUL;JALES;SÃO JOSÉ DO RIO PRETO;3546603
Santa Gertrudes;SANTA GERTRUDES;LIMEIRA;PIRACICABA;3546702
Santa Isabel;SANTA ISABEL;GUARULHOS;METROPOLITANA DE SÃO PAULO;3546801
Santa Lúcia;SANTA LÚCIA;ARARAQUARA;ARARAQUARA;3546900
Santa Maria da Serra;SANTA MARIA DA SERRA;PIRACICABA;PIRACICABA;3547007
Santa Mercedes;SANTA MERCEDES;DRACENA;PRESIDENTE PRUDENTE;3547106
Santa Rita do Passa Quatro;SANTA RITA DO PASSA QUATRO;RIBEIRÃO PRETO;RIBEIRÃO PRETO;3547502
Santa Rita D'Oeste;SANTA RITA D'OESTE;JALES;SÃO JOSÉ DO RIO PRETO;3547403
Santa Rosa de Viterbo;SANTA ROSA DE VITERBO;RIBEIRÃO PRETO;RIBEIRÃO PRETO;3547601
Santa Salete;SANTA SALETE;JALES;SÃO JOSÉ DO RIO PRETO;3547650
Santana da Ponte Pensa;SANTANA DA PONTE PENSA;JALES;SÃO JOSÉ DO RIO PRETO;3547205
Santana de Parnaíba;SANTANA DE PARNAÍBA;OSASCO;METROPOLITANA DE SÃO PAULO;3547304
Santo Anastácio;SANTO ANASTÁCIO;PRESIDENTE PRUDENTE;PRESIDENTE PRUDENTE;3547700
Santo André;SANTO ANDRÉ;GRANDE ABC;METROPOLITANA DE SÃO PAULO;3547809
Santo Antônio da Alegria;SANTO ANTÔNIO DA ALEGRIA;BATATAIS;RIBEIRÃO PRETO;3547908
Santo Antônio de Posse;SANTO ANTÔNIO DE POSSE;MOGI MIRIM;CAMPINAS;3548005
Santo Antônio do Aracanguá;SANTO ANTÔNIO DO ARACANGUÁ;ARAÇATUBA;ARAÇATUBA;3548054
Santo Antônio do Jardim;SANTO ANTÔNIO DO JARDIM;SÃO JOÃO DA BOA VISTA;CAMPINAS;3548104
Santo Antônio do Pinhal;SANTO ANTÔNIO DO PINHAL;CAMPOS DO JORDÃO;VALE DO PARAÍBA PAULISTA;3548203
Santo Expedito;SANTO EXPEDITO;PRESIDENTE PRUDENTE;PRESIDENTE PRUDENTE;3548302
Santópolis do Aguapeí;SANTÓPOLIS DO AGUAPEÍ;BIRIGUI;ARAÇATUBA;3548401
Santos;SANTOS;SANTOS;METROPOLITANA DE SÃO PAULO;3548500
São Bento do Sapucaí;SÃO BENTO DO SAPUCAÍ;CAMPOS DO JORDÃO;VALE DO PARAÍBA PAULISTA;3548609
São Bernardo do Campo;SÃO BERNARDO DO CAMPO;GRANDE ABC;METROPOLITANA DE SÃO PAULO;3548708
São Caetano do Sul;SÃO CAETANO DO SUL;GRANDE ABC;METROPOLITANA DE SÃO PAULO;3548807
São Carlos;SÃO CARLOS;SÃO CARLOS;ARARAQUARA;3548906
São Francisco;SÃO FRANCISCO;JALES;SÃO JOSÉ DO RIO PRETO;3549003
São João da Boa Vista;SÃO JOÃO DA BOA VISTA;SÃO JOÃO DA BOA VISTA;CAMPINAS;3549102
São João das Duas Pontes;SÃO JOÃO DAS DUAS PONTES;FERNANDÓPOLIS;SÃO JOSÉ DO RIO PRETO;3549201
São João de Iracema;SÃO JOÃO DE IRACEMA;AURIFLAMA;SÃO JOSÉ DO RIO PRETO;3549250
São João do Pau D'Alho;SÃO JOÃO DO PAU D'ALHO;DRACENA;PRESIDENTE PRUDENTE;3549300
São Joaquim da Barra;SÃO JOAQUIM DA BARRA;SÃO JOAQUIM DA BARRA;RIBEIRÃO PRETO;3549409
São José da Bela Vista;SÃO JOSÉ DA BELA VISTA;FRANCA;RIBEIRÃO PRETO;3549508
São José do Barreiro;SÃO JOSÉ DO BARREIRO;BANANAL;VALE DO PARAÍBA PAULISTA;3549607
São José do Rio Pardo;SÃO JOSÉ DO RIO PARDO;SÃO JOÃO DA BOA VISTA;CAMPINAS;3549706
São José do Rio Preto;SÃO JOSÉ DO RIO PRETO;SÃO JOSÉ DO RIO PRETO;SÃO JOSÉ DO RIO PRETO;3549805
São José dos Campos;SÃO JOSÉ DOS CAMPOS;SÃO JOSÉ DOS CAMPOS;VALE DO PARAÍBA PAULISTA;3549904
São Lourenço da Serra;SÃO LOURENÇO DA SERRA;ITAPECERICA DA SERRA;METROPOLITANA DE SÃO PAULO;3549953
São Luís do Paraitinga;SÃO LUÍS DO PARAITINGA;PARAIBUNA/PARAITINGA;VALE DO PARAÍBA PAULISTA;3550001
São Manuel;SÃO MANUEL;BOTUCATU;BAURU;3550100
São Miguel Arcanjo;SÃO MIGUEL ARCANJO;PIEDADE;MACRO METROPOLITANA PAULISTA;3550209
São Paulo;SÃO PAULO;SÃO PAULO;METROPOLITANA DE SÃO PAULO;3550308
São Pedro;SÃO PEDRO;PIRACICABA;PIRACICABA;3550407
São Pedro do Turvo;SÃO PEDRO DO TURVO;OURINHOS;ASSIS;3550506
São Roque;SÃO ROQUE;SOROCABA;MACRO METROPOLITANA PAULISTA;3550605
São Sebastião;SÃO SEBASTIÃO;CARAGUATATUBA;VALE DO PARAÍBA PAULISTA;3550704
São Sebastião da Grama;SÃO SEBASTIÃO DA GRAMA;SÃO JOÃO DA BOA VISTA;CAMPINAS;3550803
São Simão;SÃO SIMÃO;RIBEIRÃO PRETO;RIBEIRÃO PRETO;3550902
São Vicente;SÃO VICENTE;SANTOS;METROPOLITANA DE SÃO PAULO;3551009
Sarapuí;SARAPUÍ;SOROCABA;MACRO METROPOLITANA PAULISTA;3551108
Sarutaiá;SARUTAIÁ;OURINHOS;ASSIS;3551207
Sebastianópolis do Sul;SEBASTIANÓPOLIS DO SUL;NHANDEARA;SÃO JOSÉ DO RIO PRETO;3551306
Serra Azul;SERRA AZUL;RIBEIRÃO PRETO;RIBEIRÃO PRETO;3551405
Serra Negra;SERRA NEGRA;AMPARO;CAMPINAS;3551603
Serrana;SERRANA;RIBEIRÃO PRETO;RIBEIRÃO PRETO;3551504
Sertãozinho;SERTÃOZINHO;RIBEIRÃO PRETO;RIBEIRÃO PRETO;3551702
Sete Barras;SETE BARRAS;REGISTRO;LITORAL SUL PAULISTA;3551801
Severínia;SEVERÍNIA;CATANDUVA;SÃO JOSÉ DO RIO PRETO;3551900
Silveiras;SILVEIRAS;BANANAL;VALE DO PARAÍBA PAULISTA;3552007
Socorro;SOCORRO;AMPARO;CAMPINAS;3552106
Sorocaba;SOROCABA;SOROCABA;MACRO METROPOLITANA PAULISTA;3552205
Sud Mennucci;SUD MENNUCCI;ANDRADINA;ARAÇATUBA;3552304
Sumaré;SUMARÉ;CAMPINAS;CAMPINAS;3552403
Suzanápolis;SUZANÁPOLIS;ANDRADINA;ARAÇATUBA;3552551
Suzano;SUZANO;MOGI DAS CRUZES;METROPOLITANA DE SÃO PAULO;3552502
Tabapuã;TABAPUÃ;CATANDUVA;SÃO JOSÉ DO RIO PRETO;3552601
Tabatinga;TABATINGA;ARARAQUARA;ARARAQUARA;3552700
Taboão da Serra;TABOÃO DA SERRA;ITAPECERICA DA SERRA;METROPOLITANA DE SÃO PAULO;3552809
Taciba;TACIBA;PRESIDENTE PRUDENTE;PRESIDENTE PRUDENTE;3552908
Taguaí;TAGUAÍ;OURINHOS;ASSIS;3553005
Taiaçu;TAIAÇU;JABOTICABAL;RIBEIRÃO PRETO;3553104
Taiúva;TAIÚVA;JABOTICABAL;RIBEIRÃO PRETO;3553203
Tambaú;TAMBAÚ;SÃO JOÃO DA BOA VISTA;CAMPINAS;3553302
Tanabi;TANABI;SÃO JOSÉ DO RIO PRETO;SÃO JOSÉ DO RIO PRETO;3553401
Tapiraí;TAPIRAÍ;PIEDADE;MACRO METROPOLITANA PAULISTA;3553500
Tapiratiba;TAPIRATIBA;SÃO JOÃO DA BOA VISTA;CAMPINAS;3553609
Taquaral;TAQUARAL;JABOTICABAL;RIBEIRÃO PRETO;3553658
Taquaritinga;TAQUARITINGA;JABOTICABAL;RIBEIRÃO PRETO;3553708
Taquarituba;TAQUARITUBA;ITAPEVA;ITAPETININGA;3553807
Taquarivaí;TAQUARIVAÍ;ITAPEVA;ITAPETININGA;3553856
Tarabai;TARABAI;PRESIDENTE PRUDENTE;PRESIDENTE PRUDENTE;3553906
Tarumã;TARUMÃ;ASSIS;ASSIS;3553955
Tatuí;TATUÍ;TATUÍ;ITAPETININGA;3554003
Taubaté;TAUBATÉ;SÃO JOSÉ DOS CAMPOS;VALE DO PARAÍBA PAULISTA;3554102
Tejupá;TEJUPÁ;OURINHOS;ASSIS;3554201
Teodoro Sampaio;TEODORO SAMPAIO;PRESIDENTE PRUDENTE;PRESIDENTE PRUDENTE;3554300
Terra Roxa;TERRA ROXA;JABOTICABAL;RIBEIRÃO PRETO;3554409
Tietê;TIETÊ;PIRACICABA;PIRACICABA;3554508
Timburi;TIMBURI;OURINHOS;ASSIS;3554607
Torre de Pedra;TORRE DE PEDRA;TATUÍ;ITAPETININGA;3554656
Torrinha;TORRINHA;RIO CLARO;PIRACICABA;3554706
Trabiju;TRABIJU;ARARAQUARA;ARARAQUARA;3554755
Tremembé;TREMEMBÉ;SÃO JOSÉ DOS CAMPOS;VALE DO PARAÍBA PAULISTA;3554805
Três Fronteiras;TRÊS FRONTEIRAS;JALES;SÃO JOSÉ DO RIO PRETO;3554904
Tuiuti;TUIUTI;BRAGANÇA PAULISTA;MACRO METROPOLITANA PAULISTA;3554953
Tupã;TUPÃ;TUPÃ;MARÍLIA;3555000
Tupi Paulista;TUPI PAULISTA;DRACENA;PRESIDENTE PRUDENTE;3555109
Turiúba;TURIÚBA;BIRIGUI;ARAÇATUBA;3555208
Turmalina;TURMALINA;FERNANDÓPOLIS;SÃO JOSÉ DO RIO PRETO;3555307
Ubarana;UBARANA;SÃO JOSÉ DO RIO PRETO;SÃO JOSÉ DO RIO PRETO;3555356
Ubatuba;UBATUBA;CARAGUATATUBA;VALE DO PARAÍBA PAULISTA;3555406
Ubirajara;UBIRAJARA;BAURU;BAURU;3555505
Uchoa;UCHOA;SÃO JOSÉ DO RIO PRETO;SÃO JOSÉ DO RIO PRETO;3555604
União Paulista;UNIÃO PAULISTA;NHANDEARA;SÃO JOSÉ DO RIO PRETO;3555703
Urânia;URÂNIA;JALES;SÃO JOSÉ DO RIO PRETO;3555802
Uru;URU;BAURU;BAURU;3555901
Urupês;URUPÊS;NOVO HORIZONTE;SÃO JOSÉ DO RIO PRETO;3556008
Valentim Gentil;VALENTIM GENTIL;VOTUPORANGA;SÃO JOSÉ DO RIO PRETO;3556107
Valinhos;VALINHOS;CAMPINAS;CAMPINAS;3556206
Valparaíso;VALPARAÍSO;ARAÇATUBA;ARAÇATUBA;3556305
Vargem;VARGEM;BRAGANÇA PAULISTA;MACRO METROPOLITANA PAULISTA;3556354
Vargem Grande do Sul;VARGEM GRANDE DO SUL;SÃO JOÃO DA BOA VISTA;CAMPINAS;3556404
Vargem Grande Paulista;VARGEM GRANDE PAULISTA;ITAPECERICA DA SERRA;METROPOLITANA DE SÃO PAULO;3556453
Várzea Paulista;VÁRZEA PAULISTA;JUNDIAÍ;MACRO METROPOLITANA PAULISTA;3556503
Vera Cruz;VERA CRUZ;MARÍLIA;MARÍLIA;3556602
Vinhedo;VINHEDO;CAMPINAS;CAMPINAS;3556701
Viradouro;VIRADOURO;JABOTICABAL;RIBEIRÃO PRETO;3556800
Vista Alegre do Alto;VISTA ALEGRE DO ALTO;JABOTICABAL;RIBEIRÃO PRETO;3556909
Vitória Brasil;VITÓRIA BRASIL;JALES;SÃO JOSÉ DO RIO PRETO;3556958
Votorantim;VOTORANTIM;SOROCABA;MACRO METROPOLITANA PAULISTA;3557006
Votuporanga;VOTUPORANGA;VOTUPORANGA;SÃO JOSÉ DO RIO PRETO;3557105
Zacarias;ZACARIAS;SÃO JOSÉ DO RIO PRETO;SÃO JOSÉ DO RIO PRETO;3557154
